Workbook

Sheet Target_Values
A1: Versuch | B1: Target Value
A2: Modell | B2: EXR054A
A3: Bandbreite | B3: 500
A4: Anzahl Kanäle | B4: 4
A5: Samplerate | B5: 16
A6: Speichertiefe | B6: 100
A7: Triggerarten | B7: Edge, Pulse width, Glitch, Runt, Timeout, Pattern/State, Setup/hold, Window, Protocol, Generic Protocol, Burst, Nth Edge, OR'd Edges, InfiniiScan Zone, Measurement limit, Non-monotonic edge
A8: Vertikale Auflösung | B8: 10
A9: Anzahl Digitalkanäle
A10: Bildschirmgröße | B10: 39.6
A11: Bildschirmtyp.pixel | B11: 1920, 1080
A12: Bildschirmtyp.screen_type | B12: Touchscreen
A13: Schnittstellen.relevant_interfaces | B13: USB, LAN, Audio
A14: Schnittstellen.optionale_interfaces
A15: unterstützende serielle Busse | B15: Optional: I²C, SPI, Quad SPI, eSPI, Quad eSPI, RS232, UART, JTAG, I²S, SVID, Manchester, USB 2.0, 10/100 Mb/s Ethernet, USB-PD, PCIe Gen 1 (decode), CAN, LIN, CAN-FD, SENT, FlexRay, CAN XL, RFFE, I3C, SPM, C-PHY/D-PHY based CSI & DSI (Up to 2.5 Gbps), CSI 3, DigRFv4, LLI, UniPro, UFS, SSIC (Up to Gear 1 Speed), ARINC 429, MIL-STD 1553, SpaceWire, 100BASE-T1 Automotive Ethernet, USB 2.0, USB-PD, eUSB2, USB4 LS (decode)
A16: Signalerfassungsrate | B16: 200000
A17: segmentierbarer Speicher | B17: Yes
A18: Funktionsgenerator | B18: Optional
A19: DVM | B19: Yes
A20: Counter | B20: Yes
A21: Besonderheiten | B21: Optional: Logic Analysis 16 Kanäle, Memoryupgrade, Bandbreitenupgrade
A22: Abmessungen (L x B x H) (mm) | B22: 223, 443, 327
A23: Gewicht (kg) | B23: 13.75
A24: Garantie (Jahre)
A25: Artikelnummer | B25: EXR054A

Sheet Gemini-3-thinking
A1: =Target_Values!A1 | B1: =Target_Values!B1 | C1: 1 | D1: 2 | E1: 3 | F1: 4 | G1: 5
A2: =Target_Values!A2 | B2: =Target_Values!B2 | C2: EXR054A | D2: EXR054A | E2: EXR054A | F2: EXR054A | G2: EXR054A
A3: =Target_Values!A3 | B3: =Target_Values!B3 | C3: 500 | D3: 500 | E3: 500 | F3: 500 | G3: 500
A4: =Target_Values!A4 | B4: =Target_Values!B4 | C4: 4 | D4: 4 | E4: 4 | F4: 4 | G4: 4
A5: =Target_Values!A5 | B5: =Target_Values!B5 | C5: 16 | D5: 16 | E5: 16 | F5: 16 | G5: 16
A6: =Target_Values!A6 | B6: =Target_Values!B6 | C6: 100 | D6: 100 | E6: 100 | F6: 100 | G6: 100
A7: =Target_Values!A7 | B7: =Target_Values!B7 | C7: Burst, Edge, Edge then edge (event), Edge then edge (time), Edge transition, Generic Protocol, Glitch, InfiniiScan Zone, Measurement limit, Non-monotonic edge, Nth Edge, OR'd Edges, Pattern/State, Protocol, Pulse width, Runt, Setup / hold, Timeout, Window | D7: Burst, Edge, Edge then edge, Edge transition, Generic Protocol, Glitch, InfiniiScan Zone, Measurement limit, Non-monotonic edge, Nth Edge, OR'd Edges, Pattern/State, Protocol, Pulse width, Runt, Setup / hold, Timeout, Window | E7: Burst, Edge, Edge then edge (event), Edge then edge (time), Edge transition, Generic Protocol, Glitch, InfiniiScan Zone, Measurement limit, Non-monotonic edge, Nth Edge, OR'd Edges, Pattern/State, Protocol, Pulse width, Runt, Setup / hold, Timeout, Window | F7: Burst, Edge, Edge then edge, Edge transition, Generic Protocol, Glitch, InfiniiScan Zone, Measurement limit, Non-monotonic edge, Nth Edge, OR'd Edges, Pattern/State, Protocol, Pulse width, Runt, Setup / hold, Timeout, Window | G7: Burst, Edge, Edge then edge (event), Edge then edge (time), Edge transition, Generic Protocol, Glitch, InfiniiScan Zone, Measurement limit, Non-monotonic edge, Nth Edge, OR'd Edges, Pattern/State, Protocol, Pulse width, Runt, Setup / hold, Timeout, Window
A8: =Target_Values!A8 | B8: =Target_Values!B8 | C8: 10 | D8: 10 | E8: 10 | F8: 10 | G8: 10
A9: =Target_Values!A9 | B9: =Target_Values!B11 | C9: 16 | D9: 16 | E9: 16 | F9: 16 | G9: 16
A10: =Target_Values!A10 | B10: =Target_Values!B10 | C10: 39.6 | D10: 39.62 | E10: 39.6 | F10: 15.6 | G10: 39.6
A11: =Target_Values!A11 | B11: =Target_Values!B11 | C11: 1920, 1080 | D11: 1920, 1080 | E11: 1920, 1080 | F11: 1920, 1080 | G11: 1920, 1080
A12: =Target_Values!A12 | B12: =Target_Values!B12 | C12: capacitive multi-touch | D12: capacitive multi-touch, Full HD | E12: capacitive multi-touch, Full HD | F12: capacitive multi-touch, Full HD | G12: capacitive multi-touch, Full HD
A13: =Target_Values!A13 | B13: =Target_Values!B13 | C13: Audio (Microphone, line in, line out), DisplayPort, LAN (10/100/1000Base-T), USB 3.0 device, USB 3.0 host, VGA | D13: DisplayPort, LAN (10/100/1000Base-T), USB 3.0, VGA | E13: Audio, DisplayPort, LAN, USB 3.0, VGA | F13: Audio, DisplayPort, LAN, USB 3.0, VGA | G13: Audio (Microphone, line in, line out), DisplayPort, LAN (RJ-45, 10/100/1000Base-T), USB 3.0, VGA
A14: =Target_Values!A14 | B14: =Target_Values!B14 | C14: Auxiliary out, Trigger out | E14: Auxiliary out, Trigger out | G14: GPIB
A15: =Target_Values!A15 | B15: =Target_Values!B15 | C15: 100BASE-T1, ARINC 429, CAN, CAN XL, CAN-FD, DDR, DisplayPort AUX, eSPI, Ethernet, eUSB2, FlexRay, I2C, I2S, JTAG, LIN, LPDDR, Manchester, MDIO, MIL-STD 1553, MIPI C-PHY, MIPI D-PHY, MIPI I3C, MIPI M-PHY, MIPI RFFE, MIPI SPMI, PCIe, Quad SPI, RS232, SAS, SATA, SENT, SpaceWire, SPI, SVID, UART, UFS, USB 2.0, USB 3.x, USB-PD, USB4 LS | D15: 100BASE-T1 Automotive Ethernet, ARINC 429, CAN, CAN XL, CAN-FD, eSPI, Ethernet (10/100 Mb/s), eUSB2, FlexRay, I2C, I2S, JTAG, LIN, Manchester, MIL-STD 1553, MIPI C-PHY, MIPI D-PHY, MIPI I3C, MIPI M-PHY, MIPI RFFE, MIPI SPMI, PCIe Gen 1, Quad eSPI, Quad SPI, RS232, SENT, Space Wire, SPI, SVID, UART, USB 2.0, USB-PD, USB4 LS | E15: 10/100 Mb/s Ethernet, 100BASE-T1, ARINC 429, C-PHY, CAN, CAN XL, CAN-FD, CSI 3, D-PHY, DigRFv4, eSPI, eUSB2, FlexRay, I2C, I2S, I3C, JTAG, LIN, LLI, Manchester, MIL-STD 1553, PCIe Gen 1, Quad eSPI, Quad SPI, RFFE, RS232, SENT, Space Wire, SPI, SPMI, SSIC, SVID, UART, UFS, UniPro, USB 2.0, USB-PD, USB4 LS | F15: 10/100 Mb/s Ethernet, 100BASE-T1 Automotive Ethernet, ARINC 429, CAN, CAN XL, CAN-FD, DDR, DisplayPort AUX, eSPI, eUSB2, FlexRay, I2C, I2S, JTAG, LIN, LPDDR, Manchester, MDIO, MIL-STD 1553, MIPI C-PHY, MIPI CSI & DSI, MIPI CSI 3, MIPI D-PHY, MIPI DigRFv4, MIPI I3C, MIPI LLI, MIPI M-PHY, MIPI RFFE, MIPI SPMI, MIPI SSIC, MIPI UFS, MIPI UniPro, PCIe Gen 1, Quad eSPI, Quad SPI, RS232, SAS, SATA, SENT, SpaceWire, SPI, SVID, UART, USB 2.0, USB-PD, USB4 LS | G15: 10/100 Mb/s Ethernet, 100BASE-T1 Automotive Ethernet, ARINC 429, CAN, CAN XL, CAN-FD, DisplayPort AUX, eSPI, eUSB2, FlexRay, I2C, I2S, JTAG, LIN, Manchester, MDIO, MIL-STD 1553, MIPI C-PHY, MIPI CSI, MIPI D-PHY, MIPI DigRFv4, MIPI DSI, MIPI I3C, MIPI LLI, MIPI M-PHY, MIPI RFFE, MIPI SPMI, MIPI SSIC, MIPI UFS, MIPI UniPro, PCIe Gen 1, Quad eSPI, Quad SPI, RS232, SENT, Space Wire, SPI, SVID, UART, USB 2.0, USB-PD, USB4 LS
A16: =Target_Values!A16 | B16: =Target_Values!B16 | C16: 200000 | D16: 200000 | E16: 200000 | F16: 200000 | G16: 200000
A17: =Target_Values!A17 | B17: =Target_Values!B17 | C17: Yes | D17: Yes | E17: Yes | F17: Yes | G17: Yes
A18: =Target_Values!A18 | B18: =Target_Values!B18 | C18: Optional | D18: Optional | E18: Optional | F18: Optional | G18: Optional
A19: =Target_Values!A19 | B19: =Target_Values!B19 | C19: Yes | D19: Yes | E19: Yes | F19: Yes | G19: Yes
A20: =Target_Values!A20 | B20: =Target_Values!B20 | C20: Yes | D20: Yes | E20: Yes | F20: Yes | G20: Yes
A21: =Target_Values!A21 | B21: =Target_Values!B21 | C21: Fault Hunter, 7-in-1 integration, Upgradeable bandwidth and channels, ASIC-accelerated testing, History Mode | D21: Upgradeable from 4 to 8 channels, 7 instruments in 1, Fault Hunter, ASIC-accelerated | E21: Fault Hunter, 7 instruments in 1, ASIC accelerated, Completely Upgradeable | F21: 7 instruments in 1, ASIC-accelerated testing, Fault Hunter, History Mode, Upgradeable bandwidth and channels | G21: 7 instruments in 1, ASIC technology, Fault Hunter, completely upgradeable, 15.6" Full HD touch screen
A22: =Target_Values!A22 | B22: =Target_Values!B22 | C22: 223, 443, 327 | D22: 223, 443, 327 | E22: 223, 443, 327 | F22: 223, 443, 327 | G22: 223, 443, 327
A23: =Target_Values!A23 | B23: =Target_Values!B23 | C23: 13.75 | D23: 13.75 | E23: 13.75 | F23: 13.75 | G23: 13.75
A24: =Target_Values!A24 | B24: =Target_Values!B24 | C24: 1 | D24: 1 | E24: 1 | F24: 1 | G24: 1
A25: =Target_Values!A25 | B25: =Target_Values!B25 | C25: EXR054A | D25: EXR054A | E25: EXR054A | F25: EXR054A | G25: EXR054A
C30: { "Modell": { "value": "EXR054A", "source_page": 3, "source_region": "EXR054A", "confidence": "high" }, "Bandbreite": { "value": [ "500" ], "unit": "MHz", "source_page": 3, "source_region": "500 MHz to 6 GHz, upgradeable", "confidence": "high" }, "Anzahl Kanäle": { "value": 4, "source_page": 3, "source_region": "4 Channels", "confidence": "high" }, "Samplerate": { "value": 16, "unit": "GSa/s", "source_page": 21, "source_region": "16 GSa/s, all analog channels", "confidence": "high" }, "Speichertiefe": { "value": 100, "unit": "Mpts", "source_page": 21, "source_region": "100 Mpts/channel, all channels", "confidence": "high" }, "Triggerarten": { "value": [ "Edge", "Edge transition", "Edge then edge (time)", "Edge then edge (event)", "Pulse width", "Glitch", "Runt", "Timeout", "Pattern/State", "Setup / hold", "Window", "Protocol", "Generic Protocol", "Burst", "Nth Edge", "OR'd Edges", "InfiniiScan Zone", "Measurement limit", "Non-monotonic edge" ], "source_page": 25, "source_region": "Trigger type... Edge... Edge transition... Edge then edge... Pulse width... Glitch... Runt... Timeout... Pattern/State... Setup / hold... Window... Protocol... Generic Protocol... Burst... Nth Edge... OR'd Edges... InfiniiScan Zone... Measurement limit... Non-monotonic edge", "confidence": "high" }, "Vertikale Auflösung": { "value": 10, "unit": "bit", "source_page": 21, "source_region": "10 bits, up to 16 bits with high-resolution mode", "confidence": "high" }, "Anzahl Digitalkanäle": { "value": 16, "source_page": 3, "source_region": "16, dedicated input, upgradeable", "confidence": "high" }, "Bildschirmgröße": { "value": 39.6, "unit": "cm", "source_page": 29, "source_region": "15.6\" capacitive multi-touch", "confidence": "high" }, "Bildschirmtyp": { "pixel": { "value": [ 1920, 1080 ], "unit": "pixels", "source_page": 29, "source_region": "Full HD (1920x1080)", "confidence": "high" }, "screen_type": { "value": "capacitive multi-touch", "source_page": 29, "source_region": "capacitive multi-touch", "confidence": "high" } }, "Schnittstellen": { "relevant_interfaces": { "value": [ "LAN (10/100/1000Base-T)", "USB 3.0 host", "USB 3.0 device", "Audio (Microphone, line in, line out)", "DisplayPort", "VGA" ], "source_page": 30, "source_region": "LAN... USB... Audio... Display out", "confidence": "high" }, "optionale_interfaces": { "value": [ "Trigger out", "Auxiliary out" ], "source_page": 30, "source_region": "Trigger out... Auxiliary out", "confidence": "high" } }, "unterstützende serielle Busse": { "value": [ "I2C", "SPI", "Quad SPI", "eSPI", "RS232", "UART", "JTAG", "I2S", "SVID", "Manchester", "MDIO", "USB 2.0", "Ethernet", "USB-PD", "eUSB2", "PCIe", "DisplayPort AUX", "CAN", "LIN", "CAN-FD", "SENT", "FlexRay", "CAN XL", "MIPI RFFE", "MIPI I3C", "MIPI SPMI", "MIPI C-PHY", "MIPI D-PHY", "MIPI M-PHY", "ARINC 429", "MIL-STD 1553", "SpaceWire", "100BASE-T1", "USB 3.x", "USB4 LS", "DDR", "LPDDR", "SATA", "SAS", "UFS" ], "source_page": 34, "source_region": "Low Speed Serial... Embedded... Low Speed Automotive... MIPI Low Speed... MIPI C-PHY/D-PHY... MIPI M-PHY... Military... High Speed Automotive... USB", "confidence": "high" }, "Signalerfassungsrate": { "value": 200000, "unit": "wfms/s", "source_page": 21, "source_region": "> 200,000 waveforms/sec", "confidence": "high" }, "segmentierbarer Speicher": { "value": "Yes", "source_page": 5, "source_region": "With segmented memory, you can capture > 100,000 events", "confidence": "high" }, "Funktionsgenerator": { "value": "Optional", "source_page": 4, "source_region": "50 MHz waveform generator... EXR2WAV", "confidence": "high" }, "DVM": { "value": "Yes", "source_page": 4, "source_region": "4-digit DVM... Standard", "confidence": "high" }, "Counter": { "value": "Yes", "source_page": 4, "source_region": "10-digit counters... Standard", "confidence": "high" }, "Besonderheiten": { "value": "Fault Hunter, 7-in-1 integration, Upgradeable bandwidth and channels, ASIC-accelerated testing, History Mode", "source_page": 17, "source_region": "Fault Hunter automatically finds the most common types of signal faults", "confidence": "high" }, "Abmessungen (L x B x H) (mm)": { "value": [ 223, 443, 327 ], "unit": "mm", "source_page": 31, "source_region": "Height 327 mm... Width 443 mm... Depth 223 mm", "confidence": "high" }, "Gewicht (kg)": { "value": 13.75, "unit": "kg", "source_page": 31, "source_region": "4 channel models: 13.75 kg", "confidence": "high" }, "Garantie (Jahre)": { "value": 1, "unit": "Jahre", "source_page": 43, "source_region": "1-year KeysightCare Assured is included", "confidence": "high" }, "Artikelnummer": { "value": "EXR054A", "source_page": 3, "source_region": "EXR054A", "confidence": "high" } } | D30: { "Modell": { "value": "EXR054A", "source_page": 33, "source_region": "Model numbers... 500 MHz... EXR054A", "confidence": "high" }, "Bandbreite": { "value": [ "500" ], "unit": "MHz", "source_page": 33, "source_region": "500 MHz... EXR054A", "confidence": "high" }, "Anzahl Kanäle": { "value": 4, "source_page": 33, "source_region": "4 Channels... EXR054A", "confidence": "high" }, "Samplerate": { "value": 16, "unit": "GSa/s", "source_page": 3, "source_region": "Sample rate 16 GSa/s", "confidence": "high" }, "Speichertiefe": { "value": 100, "unit": "Mpts", "source_page": 3, "source_region": "Memory 100 Mpts, upgradeable to 400 Mpts or 1.6 Gpts flexible memory", "confidence": "high" }, "Triggerarten": { "value": [ "Edge", "Edge transition", "Edge then edge", "Pulse width", "Glitch", "Runt", "Timeout", "Pattern/State", "Setup / hold", "Window", "Protocol", "Generic Protocol", "Burst", "Nth Edge", "OR'd Edges", "InfiniiScan Zone", "Measurement limit", "Non-monotonic edge" ], "source_page": 25, "source_region": "Trigger type... Edge... Edge transition... Edge then edge... Pulse width... Glitch... Runt... Timeout... Pattern/State... Setup / hold... Window... Protocol... Generic Protocol... Burst... Nth Edge... OR'd Edges... InfiniiScan Zone... Measurement limit... Non-monotonic edge", "confidence": "high" }, "Vertikale Auflösung": { "value": 10, "unit": "bit", "source_page": 3, "source_region": "Resolution 10 bits, up to 16 with high resolution", "confidence": "high" }, "Anzahl Digitalkanäle": { "value": 16, "source_page": 3, "source_region": "Digital logic channels 16, dedicated input, upgradeable", "confidence": "high" }, "Bildschirmgröße": { "value": 39.62, "unit": "cm", "source_page": 3, "source_region": "Screen display 15.6\" touch, full HD", "confidence": "high" }, "Bildschirmtyp": { "pixel": { "value": [ 1920, 1080 ], "unit": "pixels", "source_page": 29, "source_region": "15.6\" capacitive multi-touch, Full HD (1920x1080)", "confidence": "high" }, "screen_type": { "value": "capacitive multi-touch, Full HD", "source_page": 29, "source_region": "15.6\" capacitive multi-touch, Full HD (1920x1080)", "confidence": "high" } }, "Schnittstellen": { "relevant_interfaces": { "value": [ "LAN (10/100/1000Base-T)", "USB 3.0", "DisplayPort", "VGA" ], "source_page": 30, "source_region": "LAN RJ-45 connector, supports 10/100/1000Base-T... USB 6x USB 3.0 host ports... 1x USB 3.0 device port... Display out DisplayPort and VGA", "confidence": "high" }, "optionale_interfaces": { "value": [], "source_page": null, "source_region": null, "confidence": "low" } }, "unterstützende serielle Busse": { "value": [ "I2C", "SPI", "Quad SPI", "eSPI", "Quad eSPI", "RS232", "UART", "JTAG", "I2S", "SVID", "Manchester", "USB 2.0", "Ethernet (10/100 Mb/s)", "USB-PD", "PCIe Gen 1", "CAN", "LIN", "CAN-FD", "SENT", "FlexRay", "CAN XL", "MIPI RFFE", "MIPI I3C", "MIPI SPMI", "MIPI C-PHY", "MIPI D-PHY", "MIPI M-PHY", "ARINC 429", "MIL-STD 1553", "Space Wire", "100BASE-T1 Automotive Ethernet", "eUSB2", "USB4 LS" ], "source_page": 8, "source_region": "Low-Speed Serial I2C, SPI, Quad SPI, eSPI, Quad eSPI, RS232, UART, JTAG, I2S, SVID, Manchester... Embedded USB 2.0, 10/100 Mb/s Ethernet, USB-PD, PCIe Gen 1... Low-Speed Automotive CAN, LIN, CAN-FD, SENT, FlexRay, CAN XL... MIPI Low Speed RFFE, 13C, SPMI... MIPI C-PHY, D-PHY... MIPI M-PHY... Military ARINC 429, MIL-STD 1553, Space Wire... High-Speed Automotive 100BASE-T1... USB... eUSB2, USB4 LS", "confidence": "high" }, "Signalerfassungsrate": { "value": 200000, "unit": "wfms/s", "source_page": 21, "source_region": "Real-time update rate > 200,000 waveforms/sec", "confidence": "high" }, "segmentierbarer Speicher": { "value": "Yes", "source_page": 5, "source_region": "With segmented memory, you can capture > 100,000 events post-trigger", "confidence": "high" }, "Funktionsgenerator": { "value": "Optional", "source_page": 33, "source_region": "Arbitrary waveform generator, 50 MHz EXR2WAV", "confidence": "high" }, "DVM": { "value": "Yes", "source_page": 33, "source_region": "4-digit digital voltmeter... Standard", "confidence": "high" }, "Counter": { "value": "Yes", "source_page": 33, "source_region": "10 digit counters Standard", "confidence": "high" }, "Besonderheiten": { "value": "Upgradeable from 4 to 8 channels, 7 instruments in 1, Fault Hunter, ASIC-accelerated", "source_page": 13, "source_region": "upgrade from 4 to 8 analog channels... Fault Hunter... 7 instruments in 1", "confidence": "high" }, "Abmessungen (L x B x H) (mm)": { "value": [ 223, 443, 327 ], "unit": "mm", "source_page": 31, "source_region": "Height 327 mm... Width 443 mm... Depth 223 mm", "confidence": "high" }, "Gewicht (kg)": { "value": 13.75, "unit": "kg", "source_page": 31, "source_region": "Weight... 4 channel models: 13.75 kg", "confidence": "high" }, "Garantie (Jahre)": { "value": 1, "unit": "Jahre", "source_page": 43, "source_region": "1-year KeysightCare Assured is included in every new instrument purchase.", "confidence": "high" }, "Artikelnummer": { "value": "EXR054A", "source_page": 33, "source_region": "Model numbers... 500 MHz... EXR054A", "confidence": "high" } } | E30: { "Modell": { "value": "EXR054A", "source_page": 3, "source_region": "EXR054A", "confidence": "high" }, "Bandbreite": { "value": [ "500" ], "unit": "MHz", "source_page": 3, "source_region": "500 MHz", "confidence": "high" }, "Anzahl Kanäle": { "value": 4, "source_page": 3, "source_region": "4 Channels", "confidence": "high" }, "Samplerate": { "value": 16, "unit": "GSa/s", "source_page": 3, "source_region": "Sample rate 16 GSa/s", "confidence": "high" }, "Speichertiefe": { "value": 100, "unit": "Mpts", "source_page": 3, "source_region": "Memory 100 Mpts", "confidence": "high" }, "Triggerarten": { "value": [ "Edge", "Edge transition", "Edge then edge (time)", "Edge then edge (event)", "Pulse width", "Glitch", "Runt", "Timeout", "Pattern/State", "Setup / hold", "Window", "Protocol", "Generic Protocol", "Burst", "Nth Edge", "OR'd Edges", "InfiniiScan Zone", "Measurement limit", "Non-monotonic edge" ], "source_page": 25, "source_region": "Edge\nEdge transition\nEdge then edge (time)\nEdge then edge (event)\nPulse width\nGlitch\nRunt\nTimeout\nPattern/State\nSetup / hold\nWindow\nProtocol\nGeneric Protocol\nBurst\nNth Edge\nOR'd Edges\nInfiniiScan Zone\nMeasurement limit\nNon-monotonic edge", "confidence": "high" }, "Vertikale Auflösung": { "value": 10, "unit": "bit", "source_page": 3, "source_region": "Resolution 10 bits", "confidence": "high" }, "Anzahl Digitalkanäle": { "value": 16, "source_page": 3, "source_region": "Digital logic channels 16", "confidence": "high" }, "Bildschirmgröße": { "value": 39.6, "unit": "cm", "source_page": 3, "source_region": "15.6\" touch", "confidence": "high" }, "Bildschirmtyp": { "pixel": { "value": [ 1920, 1080 ], "unit": "pixels", "source_page": 5, "source_region": "1920\times1080 pixels", "confidence": "high" }, "screen_type": { "value": "capacitive multi-touch, Full HD", "source_page": 29, "source_region": "15.6\" capacitive multi-touch, Full HD", "confidence": "high" } }, "Schnittstellen": { "relevant_interfaces": { "value": [ "LAN", "USB 3.0", "Audio", "DisplayPort", "VGA" ], "source_page": 30, "source_region": "LAN RJ-45... USB 6x USB 3.0 host... 1x USB 3.0 device... Audio Microphone, line in, line out... Display out DisplayPort and VGA", "confidence": "high" }, "optionale_interfaces": { "value": [ "Trigger out", "Auxiliary out" ], "source_page": 30, "source_region": "Trigger out... Auxiliary out", "confidence": "high" } }, "unterstützende serielle Busse": { "value": [ "I2C", "SPI", "Quad SPI", "eSPI", "Quad eSPI", "RS232", "UART", "JTAG", "I2S", "SVID", "Manchester", "USB 2.0", "10/100 Mb/s Ethernet", "USB-PD", "PCIe Gen 1", "CAN", "LIN", "CAN-FD", "SENT", "FlexRay", "CAN XL", "RFFE", "I3C", "SPMI", "C-PHY", "D-PHY", "CSI 3", "DigRFv4", "LLI", "UniPro", "UFS", "SSIC", "ARINC 429", "MIL-STD 1553", "Space Wire", "100BASE-T1", "eUSB2", "USB4 LS" ], "source_page": 8, "source_region": "I2C, SPI, Quad SPI, eSPI, Quad eSPI, RS232, UART, JTAG, I2S, SVID, Manchester\nUSB 2.0, 10/100 Mb/s Ethernet, USB-PD, PCIe Gen 1\nCAN, LIN, CAN-FD, SENT, FlexRay, CAN XL\nRFFE, 13C, SPMI\nC-PHY/D-PHY based CSI & DSI\nCSI 3, DigRFv4, LLI, UniPro, UFS, SSIC\nARINC 429, MIL-STD 1553, Space Wire\n100BASE-T1 Automotive Ethernet\neUSB2, USB4 LS", "confidence": "high" }, "Signalerfassungsrate": { "value": 200000, "unit": "wfms/s", "source_page": 3, "source_region": "Update rate > 200,000 wfm/s", "confidence": "high" }, "segmentierbarer Speicher": { "value": "Yes", "source_page": 5, "source_region": "Segmented Memory... standard", "confidence": "high" }, "Funktionsgenerator": { "value": "Optional", "source_page": 4, "source_region": "50 MHz waveform generator EXR2WAV", "confidence": "high" }, "DVM": { "value": "Yes", "source_page": 4, "source_region": "4-digit DVM... Standard", "confidence": "high" }, "Counter": { "value": "Yes", "source_page": 4, "source_region": "10-digit counters Standard", "confidence": "high" }, "Besonderheiten": { "value": "Fault Hunter, 7 instruments in 1, ASIC accelerated, Completely Upgradeable", "source_page": 3, "source_region": "Fault Hunter... 7 instruments in 1... ASIC-accelerated testing... Completely Upgradeable", "confidence": "high" }, "Abmessungen (L x B x H) (mm)": { "value": [ 223, 443, 327 ], "unit": "mm", "source_page": 31, "source_region": "Height 327 mm (12.9 in)... Width 443 mm (17.5 in)... Depth 223 mm (8.8 in)", "confidence": "high" }, "Gewicht (kg)": { "value": 13.75, "unit": "kg", "source_page": 31, "source_region": "Weight... 4 channel models: 13.75 kg", "confidence": "high" }, "Garantie (Jahre)": { "value": 1, "unit": "Jahre", "source_page": 43, "source_region": "1-year KeysightCare Assured is included in every new instrument purchase", "confidence": "high" }, "Artikelnummer": { "value": "EXR054A", "source_page": 3, "source_region": "EXR054A", "confidence": "high" } } | F30: { "Modell": { "value": "EXR054A", "source_page": 33, "source_region": "500 MHz EXR054A", "confidence": "high" }, "Bandbreite": { "value": [ "500" ], "unit": "MHz", "source_page": 33, "source_region": "500 MHz EXR054A", "confidence": "high" }, "Anzahl Kanäle": { "value": 4, "source_page": 33, "source_region": "4 channels EXR054A", "confidence": "high" }, "Samplerate": { "value": 16, "unit": "GSa/s", "source_page": 3, "source_region": "Sample rate 16 GSa/s", "confidence": "high" }, "Speichertiefe": { "value": 100, "unit": "Mpts", "source_page": 3, "source_region": "Memory 100 Mpts, upgradeable to 400 Mpts or 1.6 Gpts", "confidence": "high" }, "Triggerarten": { "value": [ "Edge", "Edge transition", "Edge then edge", "Pulse width", "Glitch", "Runt", "Timeout", "Pattern/State", "Setup / hold", "Window", "Protocol", "Generic Protocol", "Burst", "Nth Edge", "OR'd Edges", "InfiniiScan Zone", "Measurement limit", "Non-monotonic edge" ], "source_page": 25, "source_region": "Trigger type Edge... Edge transition... Edge then edge... Pulse width Glitch... Runt... Timeout... Pattern/State... Setup / hold... Window... Protocol... Generic Protocol... Burst Nth Edge OR'd Edges... InfiniiScan Zone Measurement limit... Non-monotonic edge", "confidence": "high" }, "Vertikale Auflösung": { "value": 10, "unit": "bit", "source_page": 3, "source_region": "Resolution 10 bits, up to 16 with high resolution", "confidence": "high" }, "Anzahl Digitalkanäle": { "value": 16, "source_page": 3, "source_region": "Digital logic channels 16, dedicated input, upgradeable", "confidence": "high" }, "Bildschirmgröße": { "value": 15.6, "unit": "null", "source_page": 29, "source_region": "15.6 capacitive multi-touch", "confidence": "high" }, "Bildschirmtyp": { "pixel": { "value": [ 1920, 1080 ], "unit": "pixels", "source_page": 29, "source_region": "Full HD (1920x1080)", "confidence": "high" }, "screen_type": { "value": "capacitive multi-touch, Full HD", "source_page": 29, "source_region": "15.6 capacitive multi-touch, Full HD (1920x1080)", "confidence": "high" } }, "Schnittstellen": { "relevant_interfaces": { "value": [ "LAN", "USB 3.0", "DisplayPort", "VGA", "Audio" ], "source_page": 30, "source_region": "LAN RJ-45 connector... USB 6x USB 3.0 host ports... 1x USB 3.0 device port... Audio Microphone, line in, line out... Display out DisplayPort and VGA", "confidence": "high" }, "optionale_interfaces": { "value": null, "source_page": null, "source_region": null, "confidence": "low" } }, "unterstützende serielle Busse": { "value": [ "I2C", "SPI", "Quad SPI", "eSPI", "Quad eSPI", "RS232", "UART", "JTAG", "I2S", "SVID", "Manchester", "MDIO", "USB 2.0", "10/100 Mb/s Ethernet", "USB-PD", "PCIe Gen 1", "DisplayPort AUX", "CAN", "LIN", "CAN-FD", "SENT", "FlexRay", "CAN XL", "MIPI RFFE", "MIPI I3C", "MIPI SPMI", "MIPI C-PHY", "MIPI D-PHY", "MIPI CSI & DSI", "MIPI M-PHY", "MIPI CSI 3", "MIPI DigRFv4", "MIPI LLI", "MIPI UniPro", "MIPI UFS", "MIPI SSIC", "ARINC 429", "MIL-STD 1553", "SpaceWire", "100BASE-T1 Automotive Ethernet", "eUSB2", "USB4 LS", "DDR", "LPDDR", "SATA", "SAS" ], "source_page": 34, "source_region": "I2C, SPI, Quad SPI, eSPI, RS232, UART, JTAG, I2S, SVID, Manchester, MDIO... 10/100 Mbps Ethernet, USB 2.0, USB-PD, eUSB2, PCIe Gen 1, DisplayPort AUX... CAN, LIN, CAN-FD, SENT, FlexRay, CAN XL... RFFE, I3C, SPMI... C-PHY/D-PHY based CSI & DSI... CSI 3, DigRFv4, LLI, UniPro, UFS, SSIC... ARINC 429, MIL-STD 1553, SpaceWire... 100BASE-T1 Automotive Ethernet... USB 3.x, USB4 LS... DDR2/3/4, LPDDR2/3/4... SATA/SAS", "confidence": "high" }, "Signalerfassungsrate": { "value": 200000, "unit": "wfms/s", "source_page": 3, "source_region": "Update rate > 200,000 wfm/s", "confidence": "high" }, "segmentierbarer Speicher": { "value": "Yes", "source_page": 5, "source_region": "The Infiniium EXR-Series comes standard with... Segmented Memory", "confidence": "high" }, "Funktionsgenerator": { "value": "Optional", "source_page": 33, "source_region": "Arbitrary waveform generator, 50 MHz EXR2WAV", "confidence": "high" }, "DVM": { "value": "Yes", "source_page": 4, "source_region": "4-digit DVM... Standard", "confidence": "high" }, "Counter": { "value": "Yes", "source_page": 4, "source_region": "10-digit counters Standard", "confidence": "high" }, "Besonderheiten": { "value": "7 instruments in 1, ASIC-accelerated testing, Fault Hunter, History Mode, Upgradeable bandwidth and channels", "source_page": 12, "source_region": "it's 7 instruments in 1... ASIC-accelerated testing... Fault Hunter... History Mode... Completely Upgradeable... upgrade from 4 to 8 analog channels", "confidence": "high" }, "Abmessungen (L x B x H) (mm)": { "value": [ 223, 443, 327 ], "unit": "mm", "source_page": 31, "source_region": "Height 327 mm (12.9 in)... Width 443 mm (17.5 in)... Depth 223 mm (8.8 in)", "confidence": "high" }, "Gewicht (kg)": { "value": 13.75, "unit": "kg", "source_page": 31, "source_region": "Net Weight 4 channel models: 13.75 kg (30.3 lbs.)", "confidence": "high" }, "Garantie (Jahre)": { "value": 1, "unit": "Jahre", "source_page": 42, "source_region": "1-year KeysightCare Assured is included in every new instrument purchase.", "confidence": "medium" }, "Artikelnummer": { "value": "EXR054A", "source_page": 33, "source_region": "Model numbers... EXR054A", "confidence": "high" } } | G30: { "Modell": { "value": "EXR054A", "source_page": 33, "source_region": "500 MHz ... EXR054A", "confidence": "high" }, "Bandbreite": { "value": [ "500" ], "unit": "MHz", "source_page": 33, "source_region": "500 MHz ... EXR054A", "confidence": "high" }, "Anzahl Kanäle": { "value": 4, "source_page": 33, "source_region": "4 Channels ... EXR054A", "confidence": "high" }, "Samplerate": { "value": 16, "unit": "GSa/s", "source_page": 21, "source_region": "Sample rate, real-time 16 GSa/s, all analog channels", "confidence": "high" }, "Speichertiefe": { "value": 100, "unit": "Mpts", "source_page": 21, "source_region": "Standard 100 Mpts/channel, all channels", "confidence": "high" }, "Triggerarten": { "value": [ "Edge", "Edge transition", "Edge then edge (time)", "Edge then edge (event)", "Pulse width", "Glitch", "Runt", "Timeout", "Pattern/State", "Setup / hold", "Window", "Protocol", "Generic Protocol", "Burst", "Nth Edge", "OR'd Edges", "InfiniiScan Zone", "Measurement limit", "Non-monotonic edge" ], "source_page": 25, "source_region": "Trigger type ... Edge ... Edge transition ... Edge then edge (time) ... Edge then edge (event) ... Pulse width Glitch ... Runt ... Timeout ... Pattern/State ... Setup / hold ... Window ... Protocol ... Generic Protocol ... Burst Nth Edge OR'd Edges ... InfiniiScan Zone Measurement limit ... Non-monotonic edge", "confidence": "high" }, "Vertikale Auflösung": { "value": 10, "unit": "bit", "source_page": 21, "source_region": "Vertical resolution 10 bits, up to 16 bits with high-resolution mode", "confidence": "high" }, "Anzahl Digitalkanäle": { "value": 16, "source_page": 3, "source_region": "Digital logic channels 16, dedicated input, upgradeable", "confidence": "high" }, "Bildschirmgröße": { "value": 39.6, "unit": "cm", "source_page": 3, "source_region": "Screen display 15.6 touch, full HD", "confidence": "high" }, "Bildschirmtyp": { "pixel": { "value": [ 1920, 1080 ], "unit": "pixels", "source_page": 29, "source_region": "Size / Resolution 15.6\" capacitive multi-touch, Full HD (1920x1080)", "confidence": "high" }, "screen_type": { "value": "capacitive multi-touch, Full HD", "source_page": 29, "source_region": "Size / Resolution 15.6\" capacitive multi-touch, Full HD (1920x1080)", "confidence": "high" } }, "Schnittstellen": { "relevant_interfaces": { "value": [ "LAN (RJ-45, 10/100/1000Base-T)", "USB 3.0", "Audio (Microphone, line in, line out)", "DisplayPort", "VGA" ], "source_page": 30, "source_region": "LAN RJ-45 connector... USB 6x USB 3.0 host ports... 1x USB 3.0 device port... Audio Microphone, line in, line out... Display out DisplayPort and VGA", "confidence": "high" }, "optionale_interfaces": { "value": [ "GPIB" ], "source_page": 33, "source_region": "GPIB Adapter, Sold by ICS Electronics 4865B3", "confidence": "high" } }, "unterstützende serielle Busse": { "value": [ "I2C", "SPI", "Quad SPI", "eSPI", "Quad eSPI", "RS232", "UART", "JTAG", "I2S", "SVID", "Manchester", "MDIO", "USB 2.0", "10/100 Mb/s Ethernet", "USB-PD", "PCIe Gen 1", "DisplayPort AUX", "CAN", "LIN", "CAN-FD", "SENT", "FlexRay", "CAN XL", "MIPI RFFE", "MIPI I3C", "MIPI SPMI", "MIPI C-PHY", "MIPI D-PHY", "MIPI CSI", "MIPI DSI", "MIPI M-PHY", "MIPI DigRFv4", "MIPI LLI", "MIPI UniPro", "MIPI UFS", "MIPI SSIC", "ARINC 429", "MIL-STD 1553", "Space Wire", "100BASE-T1 Automotive Ethernet", "eUSB2", "USB4 LS" ], "source_page": 8, "source_region": "Low-Speed Serial I2C, SPI, Quad SPI, eSPI, Quad eSPI, RS232, UART, JTAG, I2S, SVID, Manchester... Embedded USB 2.0, 10/100 Mb/s Ethernet, USB-PD, PCIe Gen 1... Low-Speed Automotive CAN, LIN, CAN-FD, SENT, FlexRay, CAN XL... MIPI...", "confidence": "high" }, "Signalerfassungsrate": { "value": 200000, "unit": "wfms/s", "source_page": 21, "source_region": "Real-time update rate > 200,000 waveforms/sec", "confidence": "high" }, "segmentierbarer Speicher": { "value": "Yes", "source_page": 23, "source_region": "Acquisition modes ... Segmented Up to 78,953 future acquisitions", "confidence": "high" }, "Funktionsgenerator": { "value": "Optional", "source_page": 33, "source_region": "Arbitrary waveform generator, 50 MHz EXR2WAV", "confidence": "high" }, "DVM": { "value": "Yes", "source_page": 33, "source_region": "Integrated instruments... 4-digit digital voltmeter... Standard", "confidence": "high" }, "Counter": { "value": "Yes", "source_page": 33, "source_region": "Integrated instruments... 10 digit counters Standard", "confidence": "high" }, "Besonderheiten": { "value": "7 instruments in 1, ASIC technology, Fault Hunter, completely upgradeable, 15.6\" Full HD touch screen", "source_page": 12, "source_region": "Your Infiniium EXR-Series is more than just an oscilloscope - it's 7 instruments in 1... Fault Hunter... Completely Upgradeable", "confidence": "high" }, "Abmessungen (L x B x H) (mm)": { "value": [ 223, 443, 327 ], "unit": "mm", "source_page": 31, "source_region": "Dimensions Height 327 mm (12.9 in) ... Width 443 mm (17.5 in) ... Depth 223 mm (8.8 in)", "confidence": "high" }, "Gewicht (kg)": { "value": 13.75, "unit": "kg", "source_page": 31, "source_region": "Weight 4 channel models: 13.75 kg (30.3 lbs.)", "confidence": "high" }, "Garantie (Jahre)": { "value": 1, "unit": "Jahre", "source_page": 43, "source_region": "1-year KeysightCare Assured is included in every new instrument purchase.", "confidence": "high" }, "Artikelnummer": { "value": "EXR054A", "source_page": 33, "source_region": "Model configuration ... 500 MHz EXR054A", "confidence": "high" } }

Sheet Deepseek
A1: =Target_Values!A1 | B1: =Target_Values!B1
A2: =Target_Values!A2 | B2: =Target_Values!B2
A3: =Target_Values!A3 | B3: =Target_Values!B3
A4: =Target_Values!A4 | B4: =Target_Values!B4
A5: =Target_Values!A5 | B5: =Target_Values!B5
A6: =Target_Values!A6 | B6: =Target_Values!B6
A7: =Target_Values!A7 | B7: =Target_Values!B7
A8: =Target_Values!A8 | B8: =Target_Values!B8
A9: =Target_Values!A9 | B9: =Target_Values!B11
A10: =Target_Values!A10 | B10: =Target_Values!B10
A11: =Target_Values!A11 | B11: =Target_Values!#REF!
A12: =Target_Values!A12 | B12: =Target_Values!B12
A13: =Target_Values!A13 | B13: =Target_Values!B13
A14: =Target_Values!A14 | B14: =Target_Values!B14
A15: =Target_Values!A15 | B15: =Target_Values!B15
A16: =Target_Values!A16 | B16: =Target_Values!B16
A17: =Target_Values!A17 | B17: =Target_Values!B17
A18: =Target_Values!A18 | B18: =Target_Values!B18
A19: =Target_Values!A19 | B19: =Target_Values!B19
A20: =Target_Values!A20 | B20: =Target_Values!B20
A21: =Target_Values!A21 | B21: =Target_Values!B21
A22: =Target_Values!A22 | B22: =Target_Values!B22
A23: =Target_Values!A23 | B23: =Target_Values!B23
... A25: =Target_Values!A25 | B25: =Target_Values!B25

Sheet Sonnet-4.5
A1: =Target_Values!A1 | B1: =Target_Values!B1
A2: =Target_Values!A2 | B2: =Target_Values!B2
A3: =Target_Values!A3 | B3: =Target_Values!B3
A4: =Target_Values!A4 | B4: =Target_Values!B4
A5: =Target_Values!A5 | B5: =Target_Values!B5
A6: =Target_Values!A6 | B6: =Target_Values!B6
A7: =Target_Values!A7 | B7: =Target_Values!B7
A8: =Target_Values!A8 | B8: =Target_Values!B8
A9: =Target_Values!A9 | B9: =Target_Values!B11
A10: =Target_Values!A10 | B10: =Target_Values!B10
A11: =Target_Values!A11 | B11: =Target_Values!#REF!
A12: =Target_Values!A12 | B12: =Target_Values!B12
A13: =Target_Values!A13 | B13: =Target_Values!B13
A14: =Target_Values!A14 | B14: =Target_Values!B14
A15: =Target_Values!A15 | B15: =Target_Values!B15
A16: =Target_Values!A16 | B16: =Target_Values!B16
A17: =Target_Values!A17 | B17: =Target_Values!B17
A18: =Target_Values!A18 | B18: =Target_Values!B18
A19: =Target_Values!A19 | B19: =Target_Values!B19
A20: =Target_Values!A20 | B20: =Target_Values!B20
A21: =Target_Values!A21 | B21: =Target_Values!B21
A22: =Target_Values!A22 | B22: =Target_Values!B22
A23: =Target_Values!A23 | B23: =Target_Values!B23
... A25: =Target_Values!A25 | B25: =Target_Values!B25

Sheet chatGPT-5.1
A1: =Target_Values!A1 | B1: =Target_Values!B1
A2: =Target_Values!A2 | B2: =Target_Values!B2
A3: =Target_Values!A3 | B3: =Target_Values!B3
A4: =Target_Values!A4 | B4: =Target_Values!B4
A5: =Target_Values!A5 | B5: =Target_Values!B5
A6: =Target_Values!A6 | B6: =Target_Values!B6
A7: =Target_Values!A7 | B7: =Target_Values!B7
A8: =Target_Values!A8 | B8: =Target_Values!B8
A9: =Target_Values!A9 | B9: =Target_Values!B11
A10: =Target_Values!A10 | B10: =Target_Values!B10
A11: =Target_Values!A11 | B11: =Target_Values!#REF!
A12: =Target_Values!A12 | B12: =Target_Values!B12
A13: =Target_Values!A13 | B13: =Target_Values!B13
A14: =Target_Values!A14 | B14: =Target_Values!B14
A15: =Target_Values!A15 | B15: =Target_Values!B15
A16: =Target_Values!A16 | B16: =Target_Values!B16
A17: =Target_Values!A17 | B17: =Target_Values!B17
A18: =Target_Values!A18 | B18: =Target_Values!B18
A19: =Target_Values!A19 | B19: =Target_Values!B19
A20: =Target_Values!A20 | B20: =Target_Values!B20
A21: =Target_Values!A21 | B21: =Target_Values!B21
A22: =Target_Values!A22 | B22: =Target_Values!B22
A23: =Target_Values!A23 | B23: =Target_Values!B23
... A25: =Target_Values!A25 | B25: =Target_Values!B25

Sheet chatGPT-4o
A1: =Target_Values!A1 | B1: =Target_Values!B1
A2: =Target_Values!A2 | B2: =Target_Values!B2
A3: =Target_Values!A3 | B3: =Target_Values!B3
A4: =Target_Values!A4 | B4: =Target_Values!B4
A5: =Target_Values!A5 | B5: =Target_Values!B5
A6: =Target_Values!A6 | B6: =Target_Values!B6
A7: =Target_Values!A7 | B7: =Target_Values!B7
A8: =Target_Values!A8 | B8: =Target_Values!B8
A9: =Target_Values!A9 | B9: =Target_Values!B11
A10: =Target_Values!A10 | B10: =Target_Values!B10
A11: =Target_Values!A11 | B11: =Target_Values!#REF!
A12: =Target_Values!A12 | B12: =Target_Values!B12
A13: =Target_Values!A13 | B13: =Target_Values!B13
A14: =Target_Values!A14 | B14: =Target_Values!B14
A15: =Target_Values!A15 | B15: =Target_Values!B15
A16: =Target_Values!A16 | B16: =Target_Values!B16
A17: =Target_Values!A17 | B17: =Target_Values!B17
A18: =Target_Values!A18 | B18: =Target_Values!B18
A19: =Target_Values!A19 | B19: =Target_Values!B19
A20: =Target_Values!A20 | B20: =Target_Values!B20
A21: =Target_Values!A21 | B21: =Target_Values!B21
A22: =Target_Values!A22 | B22: =Target_Values!B22
A23: =Target_Values!A23 | B23: =Target_Values!B23
... A25: =Target_Values!A25 | B25: =Target_Values!B25
